pdb_identifier,solvent_accessibility
3P90_A_C24,15.569732440280305
3P90_A_C59,3.603308786978486
3P90_A_C89,34.936152219255966
3P90_A_C178,0.0
3P90_A_C191,0.0
3P90_A_C223,3.060551449834241
