pdb_identifier,solvent_accessibility
3P90_A_C24,15.569732440280305
3P90_A_C59,3.603308786978486
3P90_A_C89,34.936152219255966
3P90_A_C178,0.0
3P90_A_C191,0.0
3P90_A_C223,3.060551449834241
6MHC_A_C32,11.764506159997271
6MHC_A_C90,0.0
6MHC_A_C112,14.738040854105645
6MHC_A_C192,0.0
6MHC_A_C237,0.0
6MHC_B_C32,10.81292925878855
6MHC_B_C90,0.0
6MHC_B_C112,15.077584914025813
6MHC_B_C192,0.0
6MHC_B_C237,0.0
